"▨ 전체공지	more
이벤트 사은품 출고 프로세스 변경 안내	2026-06-25
원부자재 가격 급등에 따른 부자재 가격 인상 안내	2026-06-02
상품 리뉴얼에 따른 입고 기준 및 바코드 운영 가이드 안내..	2026-05-29
국제 유가 급등 및 원유 수급 불안에 따른 원가 동향 안내..	2026-03-23
[필독] 스마트스토어 반품 연동 설정 안내	2025-03-31",▨ 전체공지,more,이벤트 사은품 출고 프로세스 변경 안내,2026-06-25,원부자재 가격 급등에 따른 부자재 가격 인상 안내,2026-06-02,상품 리뉴얼에 따른 입고 기준 및 바코드 운영 가이드 안내..,2026-05-29,국제 유가 급등 및 원유 수급 불안에 따른 원가 동향 안내..,2026-03-23,[필독] 스마트스토어 반품 연동 설정 안내,2025-03-31,,▨ 센터공지,▨ 센터공지,
▨ 전체공지,more
이벤트 사은품 출고 프로세스 변경 안내,2026-06-25
원부자재 가격 급등에 따른 부자재 가격 인상 안내,2026-06-02
상품 리뉴얼에 따른 입고 기준 및 바코드 운영 가이드 안내..,2026-05-29
국제 유가 급등 및 원유 수급 불안에 따른 원가 동향 안내..,2026-03-23
[필독] 스마트스토어 반품 연동 설정 안내,2025-03-31
▨ 센터공지,
